{"cameraMode":{"drawMode":0,"name":"Shaded","section":"Shading Mode"},"sceneLighting":true,"audioPlay":false,"sceneViewState":{"showFog":true,"showMaterialUpdate":false,"showSkybox":true,"showFlares":true,"showImageEffects":true,"showParticleSystems":true},"in2DMode":false,"pivot":{"x":58.244354248046878,"y":29.344959259033204,"z":-18.863460540771486},"rotation":{"x":0.0007264260784722865,"y":0.9992587566375732,"z":-0.029986923560500146,"w":0.02428358793258667},"size":321.8157653808594,"orthographic":false}