{"cameraMode":{"drawMode":0,"name":"Shaded","section":"Shading Mode"},"sceneLighting":true,"audioPlay":false,"sceneViewState":{"showFog":true,"showMaterialUpdate":false,"showSkybox":true,"showFlares":true,"showImageEffects":true,"showParticleSystems":true},"in2DMode":false,"pivot":{"x":413.29998779296877,"y":1.0,"z":12.199999809265137},"rotation":{"x":0.005113391205668449,"y":0.9929283261299133,"z":-0.10916244238615036,"w":0.046499546617269519},"size":230.1444091796875,"orthographic":false}